--Utenti (username, nome, cognome, sesso, data_di_nascita, luogo_di_nascita)
INSERT INTO utente VALUES ('Luke3012', 'Luca', 'Tartaglia', 'M', TO_DATE('30/12/2001', 'dd/mm/yyyy'), 'Pollena Trocchia', 'V');
INSERT INTO utente VALUES ('Simo', 'Simone', 'Palladino', 'M', TO_DATE('06/07/2000', 'dd/mm/yyyy'), 'Acerra', 'V');
INSERT INTO utente VALUES ('MarioTart', 'Mario', 'Tartulla', 'M', TO_DATE('15/10/2001', 'dd/mm/yyyy'), 'Venezia', 'V');
INSERT INTO utente VALUES ('LucaAa', 'Luca', 'Di Palma', 'M', TO_DATE('30/12/1999', 'dd/mm/yyyy'), 'Milano', 'V');
INSERT INTO utente VALUES ('GnackGnack', 'Mattia', 'Di Palma', 'M', TO_DATE('30/12/1997', 'dd/mm/yyyy'), 'Napoli', 'V');
INSERT INTO utente VALUES ('MarkPigna', 'Marco', 'Pignatelli', 'M', TO_DATE('17/09/2003', 'dd/mm/yyyy'), 'Marano di Napoli', 'V');
INSERT INTO utente VALUES ('Arena', 'Simone', 'Arenare', 'M', TO_DATE('30/12/2004', 'dd/mm/yyyy'), 'Genova', 'V');
INSERT INTO utente VALUES ('AntodeRoma', 'Antonio', 'Romano', 'M', TO_DATE('10/02/2000', 'dd/mm/yyyy'), 'Roma', 'V');
INSERT INTO utente VALUES ('Light97', 'Chiara', 'Palladino', 'F', TO_DATE('09/05/1997', 'dd/mm/yyyy'), 'Napoli', 'V');
INSERT INTO utente VALUES ('LukeFake', 'Luca', 'Tartaglia', 'M', TO_DATE('30/12/2001', 'dd/mm/yyyy'), 'Milano', 'V');
INSERT INTO utente VALUES ('ToniaSan', 'Antonia', 'Santanelli', 'F', TO_DATE('28/12/1980', 'dd/mm/yyyy'), 'Genova', 'V');
INSERT INTO utente VALUES ('TullyS09', 'Tullio', 'Stefanelli', 'M', TO_DATE('20/11/2009', 'dd/mm/yyyy'), 'Pollena Trocchia', 'V');
INSERT INTO utente VALUES ('Saretta', 'Sara', 'Tortelli', 'F', TO_DATE('23/10/2001', 'dd/mm/yyyy'), 'Napoli', 'V');
INSERT INTO utente VALUES ('TheWorst98', 'Diana', 'Simpson', 'F', TO_DATE('10/01/1998', 'dd/mm/yyyy'), 'Salerno', 'V');
INSERT INTO utente VALUES ('SimoFake', 'Simone', 'Palladino', 'M', TO_DATE('09/01/1999', 'dd/mm/yyyy'), 'Bologna', 'V');
INSERT INTO utente VALUES ('Svenata00', 'Cristina', 'D''avena', 'F', TO_DATE('31/12/2000', 'dd/mm/yyyy'), 'Bologna', 'V');
INSERT INTO utente VALUES ('Maracas106', 'Georgina', 'Marachena', 'F', TO_DATE('01/01/2006', 'dd/mm/yyyy'), 'Firenze', 'V');
INSERT INTO utente VALUES ('Coccode', 'Antonio', 'Pollo', 'M', TO_DATE('09/08/1995', 'dd/mm/yyyy'), 'Bari', 'V');
INSERT INTO utente VALUES ('TheSofa', 'Simona', 'Poltrecchia', 'F', TO_DATE('23/01/1995', 'dd/mm/yyyy'), 'Palermo', 'V');
INSERT INTO utente VALUES ('Giovy01', 'Giovanna', 'Danisi', 'F', TO_DATE('08/02/2001', 'dd/mm/yyyy'), 'Torino', 'V');
INSERT INTO utente VALUES ('Chiaretta', 'Chiara', 'Giuliano', 'F', TO_DATE('09/03/2001', 'dd/mm/yyyy'), 'Bolzone', 'V');
INSERT INTO utente VALUES ('Napoli10', 'Mattia', 'Cuozzo', 'M', TO_DATE('07/07/2010', 'dd/mm/yyyy'), 'Venezia', 'V');

 
--Cinema (citta, via, cap, nome_cinema)
Insert into cinema values ('Mondragone', 'Corso Umberto I', '81034', 'The Space Mondragone');
Insert into cinema values ('Fuorigrotta', 'Viale giochi del mediterraneo', '80125', 'The Space Fuorigrotta');
Insert into cinema values ('Marano di Napoli', 'Via XV Maggio', '80016', 'The Space Marano');
Insert into cinema values ('Pomigliano d''arco', 'Via Carlo', '80038', 'The Space Pomigliano');
Insert into cinema values ('Casoria', 'Via mediterraneo', '80026', 'The Space Casoria');
Insert into cinema values ('Afragola', 'Via santa maria', '80021', 'The Space Afragola');
Insert into cinema values ('Roma', 'Via salvatore rebecchini', '00148', 'The Space Roma Parco dei Medici');
Insert into cinema values ('Roma', 'Piazza della repubblica', '00184', 'The Space Roma moderno');
Insert into cinema values ('Milano', 'Via santa', '20121', 'The Space Milano');
Insert into cinema values ('Genova', 'Via magazzini', '16128', 'The Space Genova');
Insert into cinema values ('Genova', 'Viale giochi', '16127', 'The Space Genova moderno');
Insert into cinema values ('Salerno', 'Viale antonio', '84131', 'The Space Salerno');
Insert into cinema values ('Roma', 'Via mediterraneo', '00125', 'The Space Roma mediano');
Insert into cinema values ('Casoria', 'Viale arlecchi', '80023', 'The Space Casoria novus');
Insert into cinema values ('Bologna', 'Viale europa', '40127', 'The Space Bologna');
Insert into cinema values ('Bologna', 'Corso Arlecchi II', '40250', 'The Space Bologna mediano');
Insert into cinema values ('Venezia', 'Vico Carrozzieri', '31025', 'The Space Venezia');
Insert into cinema values ('Bari', 'Via Parrocchia', '70870', 'The Space Bari');
Insert into cinema values ('Lecce', 'Corso Giovanni', '70008', 'The Space Lecce');
Insert into cinema values ('Brindisi', 'Viale Garibaldi', '76849', 'The Space Brindisi');
Insert into cinema values ('Frosinone', 'Via Venezia', '40127', 'The Space Frosinone');
Insert into cinema values ('Palermo', 'Via dali', '90018', 'The Space Palermo');
Insert into cinema values ('Napoli', 'Viale daqui', '83400', 'The Space Napoli');
Insert into cinema values ('Milano', 'Piazza europa', '21127', 'The Space Milano mediano');
Insert into cinema values ('Bologna', 'Piazza garibaldi', '40127', 'The Space Bologna moderno');
 
 
--Sale (nome_sala, citta_cinema, via_cinema, cap_cinema, tipo_sala, massima_capienza)
insert into sala values ('01', 'Mondragone', 'Corso Umberto I', '81034', 'IMAX', 15);
insert into sala values ('02', 'Mondragone', 'Corso Umberto I', '81034', 'Standard', 10);
insert into sala values ('03', 'Mondragone', 'Corso Umberto I', '81034', 'Standard', 10);
 
insert into sala values ('01', 'Fuorigrotta', 'Viale giochi del mediterraneo', '80125', 'IMAX', 10);
insert into sala values ('02', 'Fuorigrotta', 'Viale giochi del mediterraneo', '80125', '3D', 8);
insert into sala values ('03', 'Fuorigrotta', 'Viale giochi del mediterraneo', '80125', 'Standard', 6);
insert into sala values ('04', 'Fuorigrotta', 'Viale giochi del mediterraneo', '80125', 'Standard', 6);
 
insert into sala values ('01', 'Marano di Napoli', 'Via XV Maggio', '80016', 'IMAX', 10);
insert into sala values ('02', 'Marano di Napoli', 'Via XV Maggio', '80016', 'Standard', 8);
insert into sala values ('03', 'Marano di Napoli', 'Via XV Maggio', '80016', 'Standard', 6);
 
insert into sala values ('01', 'Pomigliano d''arco', 'Via Carlo', '80038', 'IMAX', 10);
insert into sala values ('02', 'Pomigliano d''arco', 'Via Carlo', '80038', 'Standard', 8);
insert into sala values ('03', 'Pomigliano d''arco', 'Via Carlo', '80038', '3D', 6);
 
insert into sala values ('01', 'Casoria', 'Via mediterraneo', '80026', 'IMAX', 10);
insert into sala values ('02', 'Casoria', 'Via mediterraneo', '80026', 'Standard', 8);
insert into sala values ('03', 'Casoria', 'Via mediterraneo', '80026', '3D', 8);
 
insert into sala values ('01', 'Afragola', 'Via santa maria', '80021', 'IMAX', 15);
insert into sala values ('02', 'Afragola', 'Via santa maria', '80021', 'Standard', 10);
insert into sala values ('03', 'Afragola', 'Via santa maria', '80021', 'Standard', 8);
 
insert into sala values ('01', 'Roma', 'Via salvatore rebecchini', '00148', 'IMAX', 10);
insert into sala values ('02', 'Roma', 'Via salvatore rebecchini', '00148', 'IMAX', 8);
insert into sala values ('03', 'Roma', 'Via salvatore rebecchini', '00148', 'Standard', 5);
 
insert into sala values ('01', 'Roma', 'Piazza della repubblica', '00184', 'IMAX', 10);
insert into sala values ('02', 'Roma', 'Piazza della repubblica', '00184', 'Standard', 8);
insert into sala values ('03', 'Roma', 'Piazza della repubblica', '00184', '3D', 5);
 
insert into sala values ('01', 'Milano', 'Via santa', '20121', 'IMAX', 10);
insert into sala values ('02', 'Milano', 'Via santa', '20121', 'Standard', 6);
insert into sala values ('03', 'Milano', 'Via santa', '20121', 'Standard', 5);
 
insert into sala values ('01', 'Genova', 'Via magazzini', '16128', 'IMAX', 6);
insert into sala values ('02', 'Genova', 'Via magazzini', '16128', 'Standard', 5);
insert into sala values ('03', 'Genova', 'Via magazzini', '16128', '3D', 4);
 
insert into sala values ('01', 'Genova', 'Viale giochi', '16127', 'IMAX', 10);
insert into sala values ('02', 'Genova', 'Viale giochi', '16127', 'Standard', 8);
insert into sala values ('03', 'Genova', 'Viale giochi', '16127', 'Standard', 5);
 
insert into sala values ('01', 'Salerno', 'Viale antonio', '84131', 'IMAX', 15);
insert into sala values ('02', 'Salerno', 'Viale antonio', '84131', 'Standard', 10);
insert into sala values ('03', 'Salerno', 'Viale antonio', '84131', '3D', 10);
 
insert into sala values ('01', 'Roma', 'Via mediterraneo', '00125', 'IMAX', 20);
insert into sala values ('02', 'Roma', 'Via mediterraneo', '00125', 'Standard', 15);
insert into sala values ('03', 'Roma', 'Via mediterraneo', '00125', 'Standard', 10);
 
insert into sala values ('01', 'Casoria', 'Viale arlecchi', '80023', 'IMAX', 15);
insert into sala values ('02', 'Casoria', 'Viale arlecchi', '80023', '3D', 15);
insert into sala values ('03', 'Casoria', 'Viale arlecchi', '80023', 'Standard', 10);
 
insert into sala values ('01', 'Bologna', 'Viale europa', '40127', 'IMAX', 20);
insert into sala values ('02', 'Bologna', 'Viale europa', '40127', '3D', 18);
insert into sala values ('03', 'Bologna', 'Viale europa', '40127', 'Standard', 17);
insert into sala values ('04', 'Bologna', 'Viale europa', '40127', 'Standard', 16);
 
--Posti (fila, numero_posto, nome_sala, citta_cinema, via_cinema, cap_cinema)
insert into posto values ('A', 1, '01', 'Mondragone', 'Corso Umberto I', '81034');
insert into posto values ('A', 2, '01', 'Mondragone', 'Corso Umberto I', '81034');
insert into posto values ('A', 3, '01', 'Mondragone', 'Corso Umberto I', '81034');
insert into posto values ('A', 4, '01', 'Mondragone', 'Corso Umberto I', '81034');
insert into posto values ('A', 5, '01', 'Mondragone', 'Corso Umberto I', '81034');
insert into posto values ('B', 1, '01', 'Mondragone', 'Corso Umberto I', '81034');
insert into posto values ('B', 2, '01', 'Mondragone', 'Corso Umberto I', '81034');
insert into posto values ('B', 3, '01', 'Mondragone', 'Corso Umberto I', '81034');
insert into posto values ('B', 4, '01', 'Mondragone', 'Corso Umberto I', '81034');
insert into posto values ('B', 5, '01', 'Mondragone', 'Corso Umberto I', '81034');
insert into posto values ('C', 1, '01', 'Mondragone', 'Corso Umberto I', '81034');
insert into posto values ('C', 2, '01', 'Mondragone', 'Corso Umberto I', '81034');
insert into posto values ('C', 3, '01', 'Mondragone', 'Corso Umberto I', '81034');
insert into posto values ('C', 4, '01', 'Mondragone', 'Corso Umberto I', '81034');
insert into posto values ('C', 5, '01', 'Mondragone', 'Corso Umberto I', '81034');
insert into posto values ('A', 1, '02', 'Mondragone', 'Corso Umberto I', '81034');
insert into posto values ('A', 2, '02', 'Mondragone', 'Corso Umberto I', '81034');
insert into posto values ('A', 3, '02', 'Mondragone', 'Corso Umberto I', '81034');
insert into posto values ('A', 4, '02', 'Mondragone', 'Corso Umberto I', '81034');
insert into posto values ('A', 5, '02', 'Mondragone', 'Corso Umberto I', '81034');
insert into posto values ('B', 1, '02', 'Mondragone', 'Corso Umberto I', '81034');
insert into posto values ('B', 2, '02', 'Mondragone', 'Corso Umberto I', '81034');
insert into posto values ('C', 1, '02', 'Mondragone', 'Corso Umberto I', '81034');
insert into posto values ('C', 2, '02', 'Mondragone', 'Corso Umberto I', '81034');
insert into posto values ('C', 3, '02', 'Mondragone', 'Corso Umberto I', '81034');
insert into posto values ('A', 1, '03', 'Mondragone', 'Corso Umberto I', '81034');
insert into posto values ('A', 2, '03', 'Mondragone', 'Corso Umberto I', '81034');
insert into posto values ('A', 3, '03', 'Mondragone', 'Corso Umberto I', '81034');
insert into posto values ('A', 4, '03', 'Mondragone', 'Corso Umberto I', '81034');
insert into posto values ('A', 5, '03', 'Mondragone', 'Corso Umberto I', '81034');
insert into posto values ('B', 1, '03', 'Mondragone', 'Corso Umberto I', '81034');
insert into posto values ('B', 2, '03', 'Mondragone', 'Corso Umberto I', '81034');
insert into posto values ('B', 3, '03', 'Mondragone', 'Corso Umberto I', '81034');
insert into posto values ('B', 4, '03', 'Mondragone', 'Corso Umberto I', '81034');
insert into posto values ('B', 5, '03', 'Mondragone', 'Corso Umberto I', '81034');
insert into posto values ('A', 1, '01', 'Fuorigrotta', 'Viale giochi del mediterraneo', '80125');
insert into posto values ('A', 2, '01', 'Fuorigrotta', 'Viale giochi del mediterraneo', '80125');
insert into posto values ('A', 3, '01', 'Fuorigrotta', 'Viale giochi del mediterraneo', '80125');
insert into posto values ('A', 4, '01', 'Fuorigrotta', 'Viale giochi del mediterraneo', '80125');
insert into posto values ('A', 5, '01', 'Fuorigrotta', 'Viale giochi del mediterraneo', '80125');
insert into posto values ('B', 1, '01', 'Fuorigrotta', 'Viale giochi del mediterraneo', '80125');
insert into posto values ('B', 2, '01', 'Fuorigrotta', 'Viale giochi del mediterraneo', '80125');
insert into posto values ('B', 3, '01', 'Fuorigrotta', 'Viale giochi del mediterraneo', '80125');
insert into posto values ('B', 4, '01', 'Fuorigrotta', 'Viale giochi del mediterraneo', '80125');
insert into posto values ('B', 5, '01', 'Fuorigrotta', 'Viale giochi del mediterraneo', '80125');
insert into posto values ('A', 1, '02', 'Fuorigrotta', 'Viale giochi del mediterraneo', '80125');
insert into posto values ('A', 2, '02', 'Fuorigrotta', 'Viale giochi del mediterraneo', '80125');
insert into posto values ('A', 3, '02', 'Fuorigrotta', 'Viale giochi del mediterraneo', '80125');
insert into posto values ('A', 4, '02', 'Fuorigrotta', 'Viale giochi del mediterraneo', '80125');
insert into posto values ('A', 5, '02', 'Fuorigrotta', 'Viale giochi del mediterraneo', '80125');
insert into posto values ('B', 1, '02', 'Fuorigrotta', 'Viale giochi del mediterraneo', '80125');
insert into posto values ('B', 2, '02', 'Fuorigrotta', 'Viale giochi del mediterraneo', '80125');
insert into posto values ('B', 3, '02', 'Fuorigrotta', 'Viale giochi del mediterraneo', '80125');
insert into posto values ('A', 1, '03', 'Fuorigrotta', 'Viale giochi del mediterraneo', '80125');
insert into posto values ('A', 2, '03', 'Fuorigrotta', 'Viale giochi del mediterraneo', '80125');
insert into posto values ('A', 3, '03', 'Fuorigrotta', 'Viale giochi del mediterraneo', '80125');
insert into posto values ('A', 4, '03', 'Fuorigrotta', 'Viale giochi del mediterraneo', '80125');
insert into posto values ('B', 1, '03', 'Fuorigrotta', 'Viale giochi del mediterraneo', '80125');
insert into posto values ('B', 2, '03', 'Fuorigrotta', 'Viale giochi del mediterraneo', '80125');
insert into posto values ('A', 1, '04', 'Fuorigrotta', 'Viale giochi del mediterraneo', '80125');
insert into posto values ('A', 2, '04', 'Fuorigrotta', 'Viale giochi del mediterraneo', '80125');
insert into posto values ('A', 3, '04', 'Fuorigrotta', 'Viale giochi del mediterraneo', '80125');
insert into posto values ('A', 4, '04', 'Fuorigrotta', 'Viale giochi del mediterraneo', '80125');
insert into posto values ('A', 5, '04', 'Fuorigrotta', 'Viale giochi del mediterraneo', '80125');
insert into posto values ('B', 1, '04', 'Fuorigrotta', 'Viale giochi del mediterraneo', '80125');
insert into posto values ('A', 1, '01', 'Marano di Napoli', 'Via XV Maggio', '80016');
insert into posto values ('A', 2, '01', 'Marano di Napoli', 'Via XV Maggio', '80016');
insert into posto values ('A', 3, '01', 'Marano di Napoli', 'Via XV Maggio', '80016');
insert into posto values ('B', 1, '01', 'Marano di Napoli', 'Via XV Maggio', '80016');
insert into posto values ('B', 2, '01', 'Marano di Napoli', 'Via XV Maggio', '80016');
insert into posto values ('B', 3, '01', 'Marano di Napoli', 'Via XV Maggio', '80016');
insert into posto values ('A', 1, '02', 'Marano di Napoli', 'Via XV Maggio', '80016');
insert into posto values ('A', 2, '02', 'Marano di Napoli', 'Via XV Maggio', '80016');
insert into posto values ('A', 3, '02', 'Marano di Napoli', 'Via XV Maggio', '80016');
insert into posto values ('B', 1, '02', 'Marano di Napoli', 'Via XV Maggio', '80016');
insert into posto values ('B', 2, '02', 'Marano di Napoli', 'Via XV Maggio', '80016');
insert into posto values ('B', 3, '02', 'Marano di Napoli', 'Via XV Maggio', '80016');
insert into posto values ('A', 1, '03', 'Marano di Napoli', 'Via XV Maggio', '80016');
insert into posto values ('A', 2, '03', 'Marano di Napoli', 'Via XV Maggio', '80016');
insert into posto values ('A', 3, '03', 'Marano di Napoli', 'Via XV Maggio', '80016');
insert into posto values ('B', 1, '03', 'Marano di Napoli', 'Via XV Maggio', '80016');
insert into posto values ('B', 2, '03', 'Marano di Napoli', 'Via XV Maggio', '80016');
insert into posto values ('B', 3, '03', 'Marano di Napoli', 'Via XV Maggio', '80016');
insert into posto values ('A', 1, '01', 'Pomigliano d''arco', 'Via Carlo', '80038');
insert into posto values ('A', 2, '01', 'Pomigliano d''arco', 'Via Carlo', '80038');
insert into posto values ('A', 3, '01', 'Pomigliano d''arco', 'Via Carlo', '80038');
insert into posto values ('B', 1, '01', 'Pomigliano d''arco', 'Via Carlo', '80038');
insert into posto values ('B', 2, '01', 'Pomigliano d''arco', 'Via Carlo', '80038');
insert into posto values ('B', 3, '01', 'Pomigliano d''arco', 'Via Carlo', '80038');
insert into posto values ('A', 1, '02', 'Pomigliano d''arco', 'Via Carlo', '80038');
insert into posto values ('A', 2, '02', 'Pomigliano d''arco', 'Via Carlo', '80038');
insert into posto values ('A', 3, '02', 'Pomigliano d''arco', 'Via Carlo', '80038');
insert into posto values ('B', 1, '02', 'Pomigliano d''arco', 'Via Carlo', '80038');
insert into posto values ('B', 2, '02', 'Pomigliano d''arco', 'Via Carlo', '80038');
insert into posto values ('B', 3, '02', 'Pomigliano d''arco', 'Via Carlo', '80038');
insert into posto values ('A', 1, '03', 'Pomigliano d''arco', 'Via Carlo', '80038');
insert into posto values ('A', 2, '03', 'Pomigliano d''arco', 'Via Carlo', '80038');
insert into posto values ('A', 3, '03', 'Pomigliano d''arco', 'Via Carlo', '80038');
insert into posto values ('B', 1, '03', 'Pomigliano d''arco', 'Via Carlo', '80038');
insert into posto values ('B', 2, '03', 'Pomigliano d''arco', 'Via Carlo', '80038');
insert into posto values ('B', 3, '03', 'Pomigliano d''arco', 'Via Carlo', '80038');
insert into posto values ('A', 1, '01', 'Casoria', 'Via mediterraneo', '80026');
insert into posto values ('A', 2, '01', 'Casoria', 'Via mediterraneo', '80026');
insert into posto values ('A', 3, '01', 'Casoria', 'Via mediterraneo', '80026');
insert into posto values ('B', 1, '01', 'Casoria', 'Via mediterraneo', '80026');
insert into posto values ('B', 2, '01', 'Casoria', 'Via mediterraneo', '80026');
insert into posto values ('B', 3, '01', 'Casoria', 'Via mediterraneo', '80026');
 
insert into posto values ('A', 1, '02', 'Casoria', 'Via mediterraneo', '80026');
insert into posto values ('A', 2, '02', 'Casoria', 'Via mediterraneo', '80026');
insert into posto values ('A', 3, '02', 'Casoria', 'Via mediterraneo', '80026');
insert into posto values ('B', 1, '02', 'Casoria', 'Via mediterraneo', '80026');
insert into posto values ('B', 2, '02', 'Casoria', 'Via mediterraneo', '80026');
insert into posto values ('B', 3, '02', 'Casoria', 'Via mediterraneo', '80026');
 
insert into posto values ('A', 1, '03', 'Casoria', 'Via mediterraneo', '80026');
insert into posto values ('A', 2, '03', 'Casoria', 'Via mediterraneo', '80026');
insert into posto values ('A', 3, '03', 'Casoria', 'Via mediterraneo', '80026');
insert into posto values ('B', 1, '03', 'Casoria', 'Via mediterraneo', '80026');
insert into posto values ('B', 2, '03', 'Casoria', 'Via mediterraneo', '80026');
insert into posto values ('B', 3, '03', 'Casoria', 'Via mediterraneo', '80026');
insert into posto values ('A', 1, '01','Afragola', 'Via santa maria', '80021');
insert into posto values ('A', 2, '01','Afragola', 'Via santa maria', '80021');
insert into posto values ('A', 3, '01','Afragola', 'Via santa maria', '80021');
insert into posto values ('B', 1, '01','Afragola', 'Via santa maria', '80021');
insert into posto values ('B', 2, '01','Afragola', 'Via santa maria', '80021');
insert into posto values ('B', 3, '01','Afragola', 'Via santa maria', '80021');
 
insert into posto values ('A', 1, '02','Afragola', 'Via santa maria', '80021');
insert into posto values ('A', 2, '02','Afragola', 'Via santa maria', '80021');
insert into posto values ('A', 3, '02','Afragola', 'Via santa maria', '80021');
insert into posto values ('B', 1, '02','Afragola', 'Via santa maria', '80021');
insert into posto values ('B', 2, '02','Afragola', 'Via santa maria', '80021');
insert into posto values ('B', 3, '02','Afragola', 'Via santa maria', '80021');
 
insert into posto values ('A', 1, '03','Afragola', 'Via santa maria', '80021');
insert into posto values ('A', 2, '03','Afragola', 'Via santa maria', '80021');
insert into posto values ('A', 3, '03','Afragola', 'Via santa maria', '80021');
insert into posto values ('B', 1, '03','Afragola', 'Via santa maria', '80021');
insert into posto values ('B', 2, '03','Afragola', 'Via santa maria', '80021');
insert into posto values ('B', 3, '03','Afragola', 'Via santa maria', '80021');
insert into posto values ('A', 1, '01', 'Roma', 'Via salvatore rebecchini', '00148');
insert into posto values ('A', 2, '01', 'Roma', 'Via salvatore rebecchini', '00148');
insert into posto values ('A', 3, '01', 'Roma', 'Via salvatore rebecchini', '00148');
insert into posto values ('B', 1, '01', 'Roma', 'Via salvatore rebecchini', '00148');
insert into posto values ('B', 2, '01', 'Roma', 'Via salvatore rebecchini', '00148');
insert into posto values ('B', 3, '01', 'Roma', 'Via salvatore rebecchini', '00148');
 
insert into posto values ('A', 1, '02', 'Roma', 'Via salvatore rebecchini', '00148');
insert into posto values ('A', 2, '02', 'Roma', 'Via salvatore rebecchini', '00148');
insert into posto values ('A', 3, '02', 'Roma', 'Via salvatore rebecchini', '00148');
insert into posto values ('B', 1, '02', 'Roma', 'Via salvatore rebecchini', '00148');
insert into posto values ('B', 2, '02', 'Roma', 'Via salvatore rebecchini', '00148');
insert into posto values ('B', 3, '02', 'Roma', 'Via salvatore rebecchini', '00148');
 
insert into posto values ('A', 1, '03', 'Roma', 'Via salvatore rebecchini', '00148');
insert into posto values ('A', 2, '03', 'Roma', 'Via salvatore rebecchini', '00148');
insert into posto values ('A', 3, '03', 'Roma', 'Via salvatore rebecchini', '00148');
insert into posto values ('B', 1, '03', 'Roma', 'Via salvatore rebecchini', '00148');
insert into posto values ('B', 2, '03', 'Roma', 'Via salvatore rebecchini', '00148');
insert into posto values ('A', 1, '01', 'Roma', 'Piazza della repubblica', '00184');
insert into posto values ('A', 2, '01', 'Roma', 'Piazza della repubblica', '00184');
insert into posto values ('A', 3, '01', 'Roma', 'Piazza della repubblica', '00184');
insert into posto values ('B', 1, '01', 'Roma', 'Piazza della repubblica', '00184');
insert into posto values ('B', 2, '01', 'Roma', 'Piazza della repubblica', '00184');
insert into posto values ('B', 3, '01', 'Roma', 'Piazza della repubblica', '00184');
 
insert into posto values ('A', 1, '02', 'Roma', 'Piazza della repubblica', '00184');
insert into posto values ('A', 2, '02', 'Roma', 'Piazza della repubblica', '00184');
insert into posto values ('A', 3, '02', 'Roma', 'Piazza della repubblica', '00184');
insert into posto values ('B', 1, '02', 'Roma', 'Piazza della repubblica', '00184');
insert into posto values ('B', 2, '02', 'Roma', 'Piazza della repubblica', '00184');
insert into posto values ('B', 3, '02', 'Roma', 'Piazza della repubblica', '00184');
 
insert into posto values ('A', 1, '03', 'Roma', 'Piazza della repubblica', '00184');
insert into posto values ('A', 2, '03', 'Roma', 'Piazza della repubblica', '00184');
insert into posto values ('A', 3, '03', 'Roma', 'Piazza della repubblica', '00184');
insert into posto values ('B', 1, '03', 'Roma', 'Piazza della repubblica', '00184');
insert into posto values ('B', 2, '03', 'Roma', 'Piazza della repubblica', '00184');
insert into posto values ('A', 1, '01', 'Milano', 'Via santa', '20121');
insert into posto values ('A', 2, '01', 'Milano', 'Via santa', '20121');
insert into posto values ('A', 3, '01', 'Milano', 'Via santa', '20121');
insert into posto values ('B', 1, '01', 'Milano', 'Via santa', '20121');
insert into posto values ('B', 2, '01', 'Milano', 'Via santa', '20121');
insert into posto values ('B', 3, '01', 'Milano', 'Via santa', '20121');
 
insert into posto values ('A', 1, '02', 'Milano', 'Via santa', '20121');
insert into posto values ('A', 2, '02', 'Milano', 'Via santa', '20121');
insert into posto values ('A', 3, '02', 'Milano', 'Via santa', '20121');
insert into posto values ('B', 1, '02', 'Milano', 'Via santa', '20121');
insert into posto values ('B', 2, '02', 'Milano', 'Via santa', '20121');
insert into posto values ('B', 3, '02', 'Milano', 'Via santa', '20121');
 
insert into posto values ('A', 1, '03', 'Milano', 'Via santa', '20121');
insert into posto values ('A', 2, '03', 'Milano', 'Via santa', '20121');
insert into posto values ('A', 3, '03', 'Milano', 'Via santa', '20121');
insert into posto values ('B', 1, '03', 'Milano', 'Via santa', '20121');
insert into posto values ('B', 2, '03', 'Milano', 'Via santa', '20121');
insert into posto values ('A', 1, '01', 'Genova', 'Via magazzini', '16128');
insert into posto values ('A', 2, '01', 'Genova', 'Via magazzini', '16128');
insert into posto values ('A', 3, '01', 'Genova', 'Via magazzini', '16128');
insert into posto values ('B', 1, '01', 'Genova', 'Via magazzini', '16128');
insert into posto values ('B', 2, '01', 'Genova', 'Via magazzini', '16128');
insert into posto values ('B', 3, '01', 'Genova', 'Via magazzini', '16128');
 
insert into posto values ('A', 1, '02', 'Genova', 'Via magazzini', '16128');
insert into posto values ('A', 2, '02', 'Genova', 'Via magazzini', '16128');
insert into posto values ('A', 3, '02', 'Genova', 'Via magazzini', '16128');
insert into posto values ('B', 1, '02', 'Genova', 'Via magazzini', '16128');
insert into posto values ('B', 2, '02', 'Genova', 'Via magazzini', '16128');
insert into posto values ('B', 3, '02', 'Genova', 'Via magazzini', '16128');
 
insert into posto values ('A', 1, '03', 'Genova', 'Via magazzini', '16128');
insert into posto values ('A', 2, '03', 'Genova', 'Via magazzini', '16128');
insert into posto values ('B', 1, '03', 'Genova', 'Via magazzini', '16128');
insert into posto values ('B', 2, '03', 'Genova', 'Via magazzini', '16128');
insert into posto values ('A', 1, '01', 'Genova', 'Viale giochi', '16127');
insert into posto values ('A', 2, '01', 'Genova', 'Viale giochi', '16127');
insert into posto values ('A', 3, '01', 'Genova', 'Viale giochi', '16127');
insert into posto values ('B', 1, '01', 'Genova', 'Viale giochi', '16127');
insert into posto values ('B', 2, '01', 'Genova', 'Viale giochi', '16127');
insert into posto values ('B', 3, '01', 'Genova', 'Viale giochi', '16127');
 
insert into posto values ('A', 1, '02', 'Genova', 'Viale giochi', '16127');
insert into posto values ('A', 2, '02', 'Genova', 'Viale giochi', '16127');
insert into posto values ('A', 3, '02', 'Genova', 'Viale giochi', '16127');
insert into posto values ('B', 1, '02', 'Genova', 'Viale giochi', '16127');
insert into posto values ('B', 2, '02', 'Genova', 'Viale giochi', '16127');
insert into posto values ('B', 3, '02', 'Genova', 'Viale giochi', '16127');
 
insert into posto values ('A', 1, '03', 'Genova', 'Viale giochi', '16127');
insert into posto values ('A', 2, '03', 'Genova', 'Viale giochi', '16127');
insert into posto values ('A', 3, '03', 'Genova', 'Viale giochi', '16127');
insert into posto values ('B', 1, '03', 'Genova', 'Viale giochi', '16127');
insert into posto values ('B', 2, '03', 'Genova', 'Viale giochi', '16127');
insert into posto values ('A', 1, '01', 'Salerno', 'Viale antonio', '84131');
insert into posto values ('A', 2, '01', 'Salerno', 'Viale antonio', '84131');
insert into posto values ('A', 3, '01', 'Salerno', 'Viale antonio', '84131');
insert into posto values ('B', 1, '01', 'Salerno', 'Viale antonio', '84131');
insert into posto values ('B', 2, '01', 'Salerno', 'Viale antonio', '84131');
insert into posto values ('B', 3, '01', 'Salerno', 'Viale antonio', '84131');
 
insert into posto values ('A', 1, '02', 'Salerno', 'Viale antonio', '84131');
insert into posto values ('A', 2, '02', 'Salerno', 'Viale antonio', '84131');
insert into posto values ('A', 3, '02', 'Salerno', 'Viale antonio', '84131');
insert into posto values ('B', 1, '02', 'Salerno', 'Viale antonio', '84131');
insert into posto values ('B', 2, '02', 'Salerno', 'Viale antonio', '84131');
insert into posto values ('B', 3, '02', 'Salerno', 'Viale antonio', '84131');
 
insert into posto values ('A', 1, '03', 'Salerno', 'Viale antonio', '84131');
insert into posto values ('A', 2, '03', 'Salerno', 'Viale antonio', '84131');
insert into posto values ('A', 3, '03', 'Salerno', 'Viale antonio', '84131');
insert into posto values ('B', 1, '03', 'Salerno', 'Viale antonio', '84131');
insert into posto values ('B', 2, '03', 'Salerno', 'Viale antonio', '84131');
insert into posto values ('B', 3, '03', 'Salerno', 'Viale antonio', '84131');
insert into posto values ('A', 1, '01', 'Roma', 'Via mediterraneo', '00125');
insert into posto values ('A', 2, '01', 'Roma', 'Via mediterraneo', '00125');
insert into posto values ('A', 3, '01', 'Roma', 'Via mediterraneo', '00125');
insert into posto values ('B', 1, '01', 'Roma', 'Via mediterraneo', '00125');
insert into posto values ('B', 2, '01', 'Roma', 'Via mediterraneo', '00125');
insert into posto values ('B', 3, '01', 'Roma', 'Via mediterraneo', '00125');
 
insert into posto values ('A', 1, '02', 'Roma', 'Via mediterraneo', '00125');
insert into posto values ('A', 2, '02', 'Roma', 'Via mediterraneo', '00125');
insert into posto values ('A', 3, '02', 'Roma', 'Via mediterraneo', '00125');
insert into posto values ('B', 1, '02', 'Roma', 'Via mediterraneo', '00125');
insert into posto values ('B', 2, '02', 'Roma', 'Via mediterraneo', '00125');
insert into posto values ('B', 3, '02', 'Roma', 'Via mediterraneo', '00125');
 
insert into posto values ('A', 1, '03', 'Roma', 'Via mediterraneo', '00125');
insert into posto values ('A', 2, '03', 'Roma', 'Via mediterraneo', '00125');
insert into posto values ('A', 3, '03', 'Roma', 'Via mediterraneo', '00125');
insert into posto values ('B', 1, '03', 'Roma', 'Via mediterraneo', '00125');
insert into posto values ('B', 2, '03', 'Roma', 'Via mediterraneo', '00125');
insert into posto values ('B', 3, '03', 'Roma', 'Via mediterraneo', '00125');
insert into posto values ('A', 1, '01','Casoria', 'Viale arlecchi', '80023');
insert into posto values ('A', 2, '01','Casoria', 'Viale arlecchi', '80023');
insert into posto values ('A', 3, '01','Casoria', 'Viale arlecchi', '80023');
insert into posto values ('B', 1, '01','Casoria', 'Viale arlecchi', '80023');
insert into posto values ('B', 2, '01','Casoria', 'Viale arlecchi', '80023');
insert into posto values ('B', 3, '01','Casoria', 'Viale arlecchi', '80023');
 
insert into posto values ('A', 1, '02','Casoria', 'Viale arlecchi', '80023');
insert into posto values ('A', 2, '02','Casoria', 'Viale arlecchi', '80023');
insert into posto values ('A', 3, '02','Casoria', 'Viale arlecchi', '80023');
insert into posto values ('B', 1, '02','Casoria', 'Viale arlecchi', '80023');
insert into posto values ('B', 2, '02','Casoria', 'Viale arlecchi', '80023');
insert into posto values ('B', 3, '02','Casoria', 'Viale arlecchi', '80023');
 
insert into posto values ('A', 1, '03','Casoria', 'Viale arlecchi', '80023');
insert into posto values ('A', 2, '03','Casoria', 'Viale arlecchi', '80023');
insert into posto values ('A', 3, '03','Casoria', 'Viale arlecchi', '80023');
insert into posto values ('B', 1, '03','Casoria', 'Viale arlecchi', '80023');
insert into posto values ('B', 2, '03','Casoria', 'Viale arlecchi', '80023');
insert into posto values ('B', 3, '03','Casoria', 'Viale arlecchi', '80023');
insert into posto values ('A', 1, '01', 'Bologna', 'Viale europa', '40127');
insert into posto values ('A', 2, '01', 'Bologna', 'Viale europa', '40127');
insert into posto values ('A', 3, '01', 'Bologna', 'Viale europa', '40127');
insert into posto values ('B', 1, '01', 'Bologna', 'Viale europa', '40127');
insert into posto values ('B', 2, '01', 'Bologna', 'Viale europa', '40127');
insert into posto values ('B', 3, '01', 'Bologna', 'Viale europa', '40127');
 
insert into posto values ('A', 1, '02', 'Bologna', 'Viale europa', '40127');
insert into posto values ('A', 2, '02', 'Bologna', 'Viale europa', '40127');
insert into posto values ('A', 3, '02', 'Bologna', 'Viale europa', '40127');
insert into posto values ('B', 1, '02', 'Bologna', 'Viale europa', '40127');
insert into posto values ('B', 2, '02', 'Bologna', 'Viale europa', '40127');
insert into posto values ('B', 3, '02', 'Bologna', 'Viale europa', '40127');
 
insert into posto values ('A', 1, '03', 'Bologna', 'Viale europa', '40127');
insert into posto values ('A', 2, '03', 'Bologna', 'Viale europa', '40127');
insert into posto values ('A', 3, '03', 'Bologna', 'Viale europa', '40127');
insert into posto values ('B', 1, '03', 'Bologna', 'Viale europa', '40127');
insert into posto values ('B', 2, '03', 'Bologna', 'Viale europa', '40127');
insert into posto values ('B', 3, '03', 'Bologna', 'Viale europa', '40127');
 
insert into posto values ('A', 1, '04', 'Bologna', 'Viale europa', '40127');
insert into posto values ('A', 2, '04', 'Bologna', 'Viale europa', '40127');
insert into posto values ('A', 3, '04', 'Bologna', 'Viale europa', '40127');
insert into posto values ('B', 1, '04', 'Bologna', 'Viale europa', '40127');
insert into posto values ('B', 2, '04', 'Bologna', 'Viale europa', '40127');
insert into posto values ('B', 3, '04', 'Bologna', 'Viale europa', '40127');
 
 
--Carte fedeltà (codice_carta_fedelta, data_scadenza, data_rinnovo, username)
insert into carta_fedelta values ('1111111111', TO_DATE('10/06/2023','dd/mm/yyyy'), TO_DATE('10/06/2022', 'dd/mm/yyyy'), 'Luke3012');
insert into carta_fedelta values ('1111111112', TO_DATE('06/07/2025','dd/mm/yyyy'), TO_DATE('06/07/2022', 'dd/mm/yyyy'), 'Simo');
insert into carta_fedelta values ('1111111113', TO_DATE('06/02/2028','dd/mm/yyyy'), TO_DATE('06/02/2022', 'dd/mm/yyyy'), 'MarioTart');
insert into carta_fedelta values ('1111111114', TO_DATE('06/03/2026','dd/mm/yyyy'), TO_DATE('06/03/2022', 'dd/mm/yyyy'), 'MarkPigna');
insert into carta_fedelta values ('1111111115', TO_DATE('11/07/2024','dd/mm/yyyy'), TO_DATE('11/07/2022', 'dd/mm/yyyy'), 'Arena');
insert into carta_fedelta values ('1111111116', TO_DATE('13/05/2023','dd/mm/yyyy'), TO_DATE('13/05/2022', 'dd/mm/yyyy'), 'ToniaSan');
insert into carta_fedelta values ('1111111117', TO_DATE('17/08/2024','dd/mm/yyyy'), TO_DATE('17/08/2022', 'dd/mm/yyyy'), 'Light97');
insert into carta_fedelta values ('1111111118', TO_DATE('23/09/2025','dd/mm/yyyy'), TO_DATE('23/09/2022', 'dd/mm/yyyy'), 'TheWorst98');
insert into carta_fedelta values ('1111111119', TO_DATE('12/10/2026','dd/mm/yyyy'), TO_DATE('12/10/2022', 'dd/mm/yyyy'), 'SimoFake');
insert into carta_fedelta values ('1111111120', TO_DATE('11/11/2029','dd/mm/yyyy'), TO_DATE('11/11/2022', 'dd/mm/yyyy'), 'Coccode');
insert into carta_fedelta values ('1111111121', TO_DATE('21/05/2023','dd/mm/yyyy'), TO_DATE('21/05/2022', 'dd/mm/yyyy'), 'Chiaretta');
insert into carta_fedelta values ('1111111122', TO_DATE('23/07/2024','dd/mm/yyyy'), TO_DATE('23/07/2022', 'dd/mm/yyyy'), 'GnackGnack');
insert into carta_fedelta values ('1111111123', TO_DATE('11/11/2023','dd/mm/yyyy'), TO_DATE('11/11/2022', 'dd/mm/yyyy'), 'Svenata00');
insert into carta_fedelta values ('1111111124', TO_DATE('11/10/2022','dd/mm/yyyy'), TO_DATE('11/10/2022', 'dd/mm/yyyy'), 'Saretta');
insert into carta_fedelta values ('1111111125', TO_DATE('12/12/2022','dd/mm/yyyy'), TO_DATE('12/11/2022', 'dd/mm/yyyy'), 'Maracas106');
insert into carta_fedelta values ('1111111126', TO_DATE('29/06/2022','dd/mm/yyyy'), TO_DATE('25/06/2022', 'dd/mm/yyyy'), 'TheSofa');
 
 
--Promozioni (codice_promozione, nome_promozione, data_inizio_promozione, data_fine_promozione)
insert into promozione values ('promo01', 'Clienti best', TO_DATE('01/06/2022', 'dd/mm/yyyy'), TO_DATE('30/06/2022', 'dd/mm/yyyy'));
insert into promozione values ('promo02', 'Clienti lusso', TO_DATE('01/06/2021', 'dd/mm/yyyy'), TO_DATE('31/07/2022', 'dd/mm/yyyy'));
insert into promozione values ('promo03', 'Clienti extra', TO_DATE('09/06/2022', 'dd/mm/yyyy'), TO_DATE('09/07/2022', 'dd/mm/yyyy'));
insert into promozione values ('promo04', 'Popcorn Gratis', TO_DATE('10/06/2022', 'dd/mm/yyyy'), TO_DATE('10/07/2022', 'dd/mm/yyyy'));
insert into promozione values ('promo05', '20 ingressi gratis', TO_DATE('30/08/2022', 'dd/mm/yyyy'), TO_DATE('30/09/2022', 'dd/mm/yyyy'));
insert into promozione values ('promo06', '10 ingressi gratis', TO_DATE('01/01/2022', 'dd/mm/yyyy'), TO_DATE('01/02/2022', 'dd/mm/yyyy'));
insert into promozione values ('promo07', '5 ingressi gratis', TO_DATE('01/04/2022', 'dd/mm/yyyy'), TO_DATE('30/04/2022', 'dd/mm/yyyy'));
insert into promozione values ('promo08', 'Bibite gratis', TO_DATE('01/03/2022', 'dd/mm/yyyy'), TO_DATE('30/03/2022', 'dd/mm/yyyy'));
insert into promozione values ('promo09', 'Client Pro', TO_DATE('01/12/2022', 'dd/mm/yyyy'), TO_DATE('31/12/2022', 'dd/mm/yyyy'));
insert into promozione values ('promo10', 'Vip sale', TO_DATE('15/06/2022', 'dd/mm/yyyy'), TO_DATE('29/06/2022', 'dd/mm/yyyy'));
insert into promozione values ('promo11', 'Poster+Bibite', TO_DATE('10/10/2022', 'dd/mm/yyyy'), TO_DATE('10/11/2022', 'dd/mm/yyyy'));
insert into promozione values ('promo12', 'Chips', TO_DATE('09/06/2022', 'dd/mm/yyyy'), TO_DATE('09/07/2022', 'dd/mm/yyyy'));
insert into promozione values ('promo13', 'Viaggio Crociera', TO_DATE('01/05/2022', 'dd/mm/yyyy'), TO_DATE('30/05/2022', 'dd/mm/yyyy'));
insert into promozione values ('promo14', '1 ingresso gratis', TO_DATE('01/03/2022', 'dd/mm/yyyy'), TO_DATE('21/03/2022', 'dd/mm/yyyy'));
insert into promozione values ('promo15', '2 ingressi gratis', TO_DATE('28/05/2022', 'dd/mm/yyyy'), TO_DATE('28/04/2022', 'dd/mm/yyyy'));
 
--Promozione_fedelta (codice_carta_fedelta, codice_promozione)
--insert into promozione_fedelta values ('1111111111', 'promo01');
--insert into promozione_fedelta values ('1111111112', 'promo02');
--insert into promozione_fedelta values ('1111111113', 'promo03');
--insert into promozione_fedelta values ('1111111114', 'promo04');
--insert into promozione_fedelta values ('1111111115', 'promo05');
--insert into promozione_fedelta values ('1111111116', 'promo06');
--insert into promozione_fedelta values ('1111111117', 'promo07');
--insert into promozione_fedelta values ('1111111118', 'promo08');
--insert into promozione_fedelta values ('1111111119', 'promo09');
--insert into promozione_fedelta values ('1111111120', 'promo10');
--insert into promozione_fedelta values ('1111111121', 'promo11');
--insert into promozione_fedelta values ('1111111122', 'promo12');
--insert into promozione_fedelta values ('1111111123', 'promo13');
--insert into promozione_fedelta values ('1111111124', 'promo14');
--insert into promozione_fedelta values ('1111111125', 'promo15');
--insert into promozione_fedelta values ('1111111111', 'promo02');
--insert into promozione_fedelta values ('1111111114', 'promo01');
--insert into promozione_fedelta values ('1111111123', 'promo07');
--insert into promozione_fedelta values ('1111111112', 'promo03');
--insert into promozione_fedelta values ('1111111112', 'promo04');
--insert into promozione_fedelta values ('1111111112', 'promo05');
 
--Carte di credito (numero_carta(16), data_scadenza, cvv(3))
insert into carta_di_credito values ('1000735724964861', TO_DATE('10/10/2024', 'dd/mm/yyyy'), 101);
insert into carta_di_credito values ('1000735724964812', TO_DATE('10/10/2028', 'dd/mm/yyyy'), 134);
insert into carta_di_credito values ('1000735724964836', TO_DATE('10/10/2023', 'dd/mm/yyyy'), 134);
insert into carta_di_credito values ('1000735777764832', TO_DATE('10/10/2023', 'dd/mm/yyyy'), 980);
insert into carta_di_credito values ('1000735443264853', TO_DATE('10/10/2023', 'dd/mm/yyyy'), 867);
insert into carta_di_credito values ('1000735775464824', TO_DATE('10/10/2024', 'dd/mm/yyyy'), 567);
insert into carta_di_credito values ('1000735123561245', TO_DATE('10/10/2025', 'dd/mm/yyyy'), 907);
insert into carta_di_credito values ('1002345724964863', TO_DATE('10/10/2027', 'dd/mm/yyyy'), 256);
insert into carta_di_credito values ('1002341234567890', TO_DATE('10/10/2029', 'dd/mm/yyyy'), 890);
insert into carta_di_credito values ('1002341928379182', TO_DATE('10/10/2026', 'dd/mm/yyyy'), 908);
insert into carta_di_credito values ('1002345701293868', TO_DATE('10/10/2025', 'dd/mm/yyyy'), 231);
insert into carta_di_credito values ('1025172369187391', TO_DATE('10/10/2024', 'dd/mm/yyyy'), 209);
insert into carta_di_credito values ('1010294861827301', TO_DATE('10/10/2023', 'dd/mm/yyyy'), 208);
insert into carta_di_credito values ('1127369182379102', TO_DATE('10/10/2021', 'dd/mm/yyyy'), 123);
insert into carta_di_credito values ('1456789871628911', TO_DATE('10/10/2027', 'dd/mm/yyyy'), 213);
insert into carta_di_credito values ('1192837912873991', TO_DATE('10/10/2024', 'dd/mm/yyyy'), 221);
insert into carta_di_credito values ('1289367981237190', TO_DATE('10/10/2027', 'dd/mm/yyyy'), 234);
insert into carta_di_credito values ('2382793287392379', TO_DATE('10/10/2027', 'dd/mm/yyyy'), 252);
insert into carta_di_credito values ('3021735714234852', TO_DATE('28/06/2022', 'dd/mm/yyyy'), 911);
 
--Compagnie di produzione (nome_compagnia, citta)
insert into compagnia_di_produzione values ('Marvel Studios', 'Burbank');
insert into compagnia_di_produzione values ('20th Century Fox', 'Century City');
insert into compagnia_di_produzione values ('Pixar', 'Emeryville');
insert into compagnia_di_produzione values ('LucasFilm', 'San Francisco');
insert into compagnia_di_produzione values ('Disney Animation', 'Burbank');
insert into compagnia_di_produzione values ('Disney', 'Burbank');
insert into compagnia_di_produzione values ('Universal Studios', 'California');
insert into compagnia_di_produzione values ('Colombia Pictures', 'New York');
insert into compagnia_di_produzione values ('Sony Pictures', 'New York');
insert into compagnia_di_produzione values ('Sony Animation', 'New York');
insert into compagnia_di_produzione values ('Warner Bros', 'Burbank');
insert into compagnia_di_produzione values ('DC Studios', 'Ghotam City');
insert into compagnia_di_produzione values ('Warner Animation', 'Burbank');
insert into compagnia_di_produzione values ('Paramount Pictures', 'San Francisco');
insert into compagnia_di_produzione values ('Paramount Animation', 'San Francisco');
insert into compagnia_di_produzione values ('Dreamworks Animation', 'California');
 
 
--Genere di film (id_genere, genere)
insert into genere values ('001', 'Azione');
insert into genere values ('002', 'Film di supereroi');
insert into genere values ('003', 'Fantascienza');
insert into genere values ('004', 'Avventura');
insert into genere values ('005', 'Cinema fantastico');
insert into genere values ('006', 'Animazione');
insert into genere values ('007', 'Biografico');
insert into genere values ('008', 'Cappa e Spada');
insert into genere values ('009', 'Catastrofico');
insert into genere values ('010', 'Comico');
insert into genere values ('011', 'Commedia');
insert into genere values ('012', 'Drammatico');
insert into genere values ('013', 'Fantasy');
insert into genere values ('014', 'Erotico');
insert into genere values ('015', 'Giallo');
insert into genere values ('016', 'Horror');
insert into genere values ('017', 'Musicale');
insert into genere values ('018', 'Western');
insert into genere values ('019', 'Spionaggio');
insert into genere values ('020', 'Politico-sociale');
 
 
--Film (codice_film, titolo, durata, anno_di_produzione, trama, nome_compagnia, classificazione)
insert into film values ('marvel001', 'Doctor Strange nel Multiverso della Follia', 126, 2022, 'Marvel Studios', 14);
 
insert into film values ('marvel002', 'Thor Love and Thunder', 119, 2022, 'Marvel Studios', 13);
 
insert into film values ('marvel003', 'Ant-Man and the Wasp: Quantumania', 136, 2023, 'Marvel Studios', 13);
 
insert into film values ('marvel004', 'Guardiani della Galassia Vol.3', 144, 2023, 'Marvel Studios', 13);
 
insert into film values ('disney001', 'Il Re Leone', 118, 2019, 'Disney', 12);
 
insert into film values ('warner001', 'The Flash', 130, 2023, 'DC Studios', 13);
 
insert into film values ('warner002', 'Animali Fantastici I segreti di Silente', 142, 2022, 'Warner Bros', 13);
 
insert into film values ('uni001', 'Fast and Furious 9', 143, 2021, 'Universal Studios', 13);
 
insert into film values ('sonya001', 'Spider-Man Across the spider-verse', 140, 2023, 'Sony Animation', 12);
 
insert into film values ('pixar001', 'Lightyear', 105, 2022, 'Pixar', 12);
 
insert into film values ('20th001', 'The King''s Man - Le origini', 131, 2021, '20th Century Fox', 18);
 
insert into film values ('lucasf001', 'Indiana Jones 5', 131, 2023, 'LucasFilm', 13);
 
insert into film values ('lucasf002', 'StarWars Episodio X', 150, 2024, 'LucasFilm', 13);
 
insert into film values ('para001', 'Sonic 3', 130, 2024, 'Paramount Pictures', 13);
 
insert into film values ('dream001', 'Il gatto con gli stivali 2', 103, 2022, 'Dreamworks Animation', 10);
 
insert into film values ('para002', 'Scream', 114, 2022,'Paramount Pictures', 18);
 
--Qui viene collegato il singolo film ai vari generi (id_genere, id_film)
insert into genere_film values ('001', 'marvel001');
insert into genere_film values ('002', 'marvel001');
insert into genere_film values ('003', 'marvel001');
insert into genere_film values ('001', 'marvel002');
insert into genere_film values ('002', 'marvel002');
insert into genere_film values ('003', 'marvel002');
insert into genere_film values ('001', 'marvel003');
insert into genere_film values ('002', 'marvel003');
insert into genere_film values ('003', 'marvel003');
insert into genere_film values ('001', 'marvel004');
insert into genere_film values ('002', 'marvel004');
insert into genere_film values ('003', 'marvel004');
insert into genere_film values ('004', 'disney001');
insert into genere_film values ('001', 'warner001');
insert into genere_film values ('002', 'warner001');
insert into genere_film values ('003', 'warner001');
insert into genere_film values ('001', 'warner002');
insert into genere_film values ('013', 'warner002');
insert into genere_film values ('006', 'sonya001');
insert into genere_film values ('006', 'pixar001');
insert into genere_film values ('005', 'para001');
insert into genere_film values ('001', 'para001');
insert into genere_film values ('003', 'para001');
insert into genere_film values ('004', 'para001');
insert into genere_film values ('006', 'dream001');
insert into genere_film values ('016', 'para002');
insert into genere_film values ('001', 'uni001');
insert into genere_film values ('003', 'uni001');
insert into genere_film values ('001', '20th001');
insert into genere_film values ('003', '20th001');
insert into genere_film values ('001', 'lucasf001');
insert into genere_film values ('003', 'lucasf001');
insert into genere_film values ('004', 'lucasf001');
insert into genere_film values ('001', 'lucasf002');
insert into genere_film values ('003', 'lucasf002');
insert into genere_film values ('012', 'lucasf002');
 
--Spettacoli! (ora_inizio, ora_fine, lingua, codice_film, nome_sala, citta_cinema, via_cinema, cap_cinema)
insert into spettacolo values (TO_DATE('2022-04-30 20:00', 'YYYY-MM-DD hh24:mi'), TO_DATE('2022-04-30 21:30', 'YYYY-MM-DD hh24:mi'), 'Italiano', 'marvel001', '01', 'Mondragone', 'Corso Umberto I', '81034');
insert into spettacolo values (TO_DATE('2022-05-07 19:00', 'YYYY-MM-DD hh24:mi'), TO_DATE('2022-05-07 20:30', 'yyyy-mm-dd hh24:mi'), 'Italiano', 'marvel001', '01', 'Mondragone', 'Corso Umberto I', '81034');
insert into spettacolo values (TO_DATE('2022-05-31 20:00', 'yyyy-mm-dd hh24:mi'), TO_DATE('2022-05-31 21:30', 'yyyy-mm-dd hh24:mi'), 'Italiano', 'marvel001', '01', 'Milano', 'Via santa', '20121');
 
insert into spettacolo values (TO_DATE('2019-08-01 20:00', 'yyyy-mm-dd hh24:mi'), TO_DATE('2019-08-01 22:30', 'yyyy-mm-dd hh24:mi'), 'Italiano', 'disney001', '01', 'Genova', 'Via magazzini', '16128');
insert into spettacolo values (TO_DATE('2019-08-01 20:00', 'yyyy-mm-dd hh24:mi'), TO_DATE('2019-08-01 22:30', 'yyyy-mm-dd hh24:mi'), 'Italiano', 'disney001', '02', 'Genova', 'Via magazzini', '16128');
insert into spettacolo values (TO_DATE('2023-09-09 17:50', 'yyyy-mm-dd hh24:mi'), TO_DATE('2023-09-09 19:30', 'yyyy-mm-dd hh24:mi'), 'Italiano', 'warner001', '01', 'Milano', 'Via santa', '20121');
 
insert into spettacolo values (TO_DATE('2022-05-15 21:00', 'yyyy-mm-dd hh24:mi'), TO_DATE('2022-05-15 23:30', 'yyyy-mm-dd hh24:mi'), 'Italiano', 'warner002', '01', 'Roma', 'Piazza della repubblica', '00184');
insert into spettacolo values (TO_DATE('2021-08-10 19:00', 'yyyy-mm-dd hh24:mi'), TO_DATE('2021-08-10 21:00', 'yyyy-mm-dd hh24:mi'), 'Italiano', 'uni001', '02', 'Roma', 'Via salvatore rebecchini', '00148');
 
insert into spettacolo values (TO_DATE('2023-05-29 20:00', 'yyyy-mm-dd hh24:mi'), TO_DATE('2023-05-29 21:30', 'yyyy-mm-dd hh24:mi'), 'Italiano', 'sonya001', '01', 'Casoria', 'Via mediterraneo', '80026');
insert into spettacolo values (TO_DATE('2022-06-20 22:00', 'yyyy-mm-dd hh24:mi'), TO_DATE('2022-06-20 23:30', 'yyyy-mm-dd hh24:mi'), 'Italiano', 'pixar001', '03', 'Marano di Napoli', 'Via XV Maggio', '80016');
 
insert into spettacolo values (TO_DATE('2021-08-09 19:00', 'yyyy-mm-dd hh24:mi'), TO_DATE('2021-08-09 21:00', 'yyyy-mm-dd hh24:mi'), 'Italiano', '20th001', '03', 'Fuorigrotta', 'Viale giochi del mediterraneo', '80125');
insert into spettacolo values (TO_DATE('2023-05-04 19:40', 'yyyy-mm-dd hh24:mi'), TO_DATE('2023-05-04 22:30', 'yyyy-mm-dd hh24:mi'), 'Italiano', 'lucasf001', '01', 'Salerno', 'Viale antonio', '84131');
 
insert into spettacolo values (TO_DATE('2024-06-08 18:00', 'yyyy-mm-dd hh24:mi'), TO_DATE('2024-06-08 20:00', 'yyyy-mm-dd hh24:mi'), 'Italiano', 'lucasf002', '03', 'Bologna', 'Viale europa', '40127');
insert into spettacolo values (TO_DATE('2024-07-07 19:30', 'yyyy-mm-dd hh24:mi'), TO_DATE('2024-07-07 22:00', 'yyyy-mm-dd hh24:mi'), 'Italiano', 'para001', '01', 'Salerno', 'Viale antonio', '84131');
 
insert into spettacolo values (TO_DATE('2022-10-07 18:30', 'yyyy-mm-dd hh24:mi'), TO_DATE('2022-10-07 20:30', 'yyyy-mm-dd hh24:mi'), 'Italiano', 'dream001', '03', 'Bologna', 'Viale europa', '40127');
insert into spettacolo values (TO_DATE('2022-09-04 19:30', 'yyyy-mm-dd hh24:mi'), TO_DATE('2022-09-04 21:30', 'yyyy-mm-dd hh24:mi'), 'Italiano', 'para002', '01', 'Salerno', 'Viale antonio', '84131');
 
insert into spettacolo values (TO_DATE('2022-07-06 16:50', 'yyyy-mm-dd hh24:mi'), TO_DATE('2022-07-06 18:30', 'yyyy-mm-dd hh24:mi'), 'Italiano', 'marvel002', '03', 'Bologna', 'Viale europa', '40127');
insert into spettacolo values (TO_DATE('2023-05-01 19:00', 'yyyy-mm-dd hh24:mi'), TO_DATE('2023-05-01 21:30', 'yyyy-mm-dd hh24:mi'), 'Italiano', 'marvel003', '01', 'Salerno', 'Viale antonio', '84131');
 

 --Carrelli (codice_carrello, data_inserimento, data_pagamento, username, numero_carta, codice_promozione)
--senza promozione (assegnata poi in automatico dal Trigger)
insert into carrello values ('cart001', TO_DATE('30/04/2022 16:30', 'dd/mm/yyyy hh24:mi'),TO_DATE('30/04/2022 16:31', 'dd/mm/yyyy hh24:mi'), 'Luke3012', '1000735724964861', NULL);

insert into carrello values ('cart019', TO_DATE('01/05/2022 17:00', 'dd/mm/yyyy hh24:mi'),NULL, 'TullyS09', '3021735714234852', NULL);
insert into carrello values ('cart003', TO_DATE('01/05/2022 17:04', 'dd/mm/yyyy hh24:mi'),NULL, 'Simo', '1000735724964812', NULL);

insert into carrello values ('cart004', TO_DATE('31/07/2019 18:00', 'dd/mm/yyyy hh24:mi'),TO_DATE('31/07/2019 18:01', 'dd/mm/yyyy hh24:mi'), 'MarioTart', '1000735724964836', NULL);
insert into carrello values ('cart005', TO_DATE('09/08/2021 18:00', 'dd/mm/yyyy hh24:mi'), TO_DATE('09/08/2021 18:01', 'dd/mm/yyyy hh24:mi'), 'MarkPigna', '1000735777764832', NULL);
insert into carrello values ('cart006', TO_DATE('29/05/2023 18:00', 'dd/mm/yyyy hh24:mi'),TO_DATE('29/05/2023 18:01', 'dd/mm/yyyy hh24:mi'), 'SimoFake', '1000735443264853', NULL);

insert into carrello values ('cart007', TO_DATE('23/10/2018 20:00', 'dd/mm/yyyy hh24:mi'),NULL, 'Coccode', '1000735775464824', NULL);

insert into carrello values ('cart008', TO_DATE('04/05/2023 18:00', 'dd/mm/yyyy hh24:mi'),TO_DATE('04/05/2023 18:01', 'dd/mm/yyyy hh24:mi'), 'ToniaSan', '1000735123561245', NULL);
insert into carrello values ('cart009', TO_DATE('08/06/2024 16:00', 'dd/mm/yyyy hh24:mi'),TO_DATE('08/06/2024 16:01', 'dd/mm/yyyy hh24:mi'), 'TheWorst98', '1002345724964863', NULL);
insert into carrello values ('cart010', TO_DATE('01/08/2019 16:00', 'dd/mm/yyyy hh24:mi'),TO_DATE('01/08/2019 16:01', 'dd/mm/yyyy hh24:mi'), 'Light97', '1002341234567890', NULL);
insert into carrello values ('cart011', TO_DATE('20/06/2022 16:30', 'dd/mm/yyyy hh24:mi'),TO_DATE('20/06/2022 16:35', 'dd/mm/yyyy hh24:mi'), 'AntodeRoma', '1002341928379182', NULL);
insert into carrello values ('cart012', TO_DATE('06/07/2022 16:30', 'dd/mm/yyyy hh24:mi'),TO_DATE('06/07/2022 16:31', 'dd/mm/yyyy hh24:mi'),'Saretta', '1002345701293868', NULL);
insert into carrello values ('cart013', TO_DATE('15/05/2022 17:10', 'dd/mm/yyyy hh24:mi'),TO_DATE('15/05/2022 17:11', 'dd/mm/yyyy hh24:mi'), 'Giovy01', '1025172369187391', NULL);
 
 
 
--con promozione (inserimento manuale)
insert into carrello values ('cart002', TO_DATE('07/05/2022 18:00', 'dd/mm/yyyy hh24:mi'),TO_DATE('07/05/2022 18:20', 'dd/mm/yyyy hh24:mi'), 'Luke3012', '1000735724964861', 'promo01');
insert into carrello values ('cart014', TO_DATE('21/06/2020 17:00', 'dd/mm/yyyy hh24:mi'),NULL, 'Simo', '1000735724964812', 'promo02');
insert into carrello values ('cart015', TO_DATE('12/09/2021 16:00', 'dd/mm/yyyy hh24:mi'),NULL, 'Simo', '1000735724964812', 'promo03');
insert into carrello values ('cart016', TO_DATE('14/01/2022 15:00', 'dd/mm/yyyy hh24:mi'),NULL, 'Svenata00', '2382793287392379', 'promo04');
insert into carrello values ('cart017', TO_DATE('18/02/2020 14:00', 'dd/mm/yyyy hh24:mi'),NULL, 'Simo', '1000735724964812', 'promo05'); 
 
 

 
--Biglietti (codice_biglietto, prezzo, codice_carrello, ora_inizio_spettacolo, ora_fine_spettacolo, fila_posto, numero_posto, nome_sala, citta_cinema, via_cinema, cap_cinema)
insert into biglietto values ('ticket001', 10, 'cart001', TO_DATE('2022-04-30 20:00', 'YYYY-MM-DD hh24:mi'), TO_DATE('2022-04-30 21:30', 'YYYY-MM-DD hh24:mi'), 'A', 1, '01', 'Mondragone', 'Corso Umberto I', '81034');
insert into biglietto values ('ticket002', 5, 'cart002', TO_DATE('2022-05-07 19:00', 'YYYY-MM-DD hh24:mi'), TO_DATE('2022-05-07 20:30', 'yyyy-mm-dd hh24:mi'), 'A', 5, '01', 'Mondragone', 'Corso Umberto I', '81034');
insert into biglietto values ('ticket003', 8, 'cart013', TO_DATE('2023-09-09 17:50', 'yyyy-mm-dd hh24:mi'), TO_DATE('2023-09-09 19:30', 'yyyy-mm-dd hh24:mi'), 'A', 2, '01', 'Milano', 'Via santa', '20121');
insert into biglietto values ('ticket004', 8, 'cart013', TO_DATE('2022-06-20 22:00', 'yyyy-mm-dd hh24:mi'), TO_DATE('2022-06-20 23:30', 'yyyy-mm-dd hh24:mi'), 'B', 1, '03', 'Marano di Napoli', 'Via XV Maggio', '80016');
insert into biglietto values ('ticket005', 8, 'cart004', TO_DATE('2019-08-01 20:00', 'yyyy-mm-dd hh24:mi'), TO_DATE('2019-08-01 22:30', 'yyyy-mm-dd hh24:mi'), 'B', 1, '01', 'Genova', 'Via magazzini', '16128');
insert into biglietto values ('ticket007', 8, 'cart005', TO_DATE('2021-08-10 19:00', 'yyyy-mm-dd hh24:mi'), TO_DATE('2021-08-10 21:00', 'yyyy-mm-dd hh24:mi'), 'B', 1, '02', 'Roma', 'Via salvatore rebecchini', '00148');
insert into biglietto values ('ticket008', 9, 'cart006', TO_DATE('2023-05-29 20:00', 'yyyy-mm-dd hh24:mi'), TO_DATE('2023-05-29 21:30', 'yyyy-mm-dd hh24:mi'), 'B', 2, '01', 'Casoria', 'Via mediterraneo', '80026');
insert into biglietto values ('ticket011', 8, 'cart008', TO_DATE('2023-05-04 19:40', 'yyyy-mm-dd hh24:mi'), TO_DATE('2023-05-04 22:30', 'yyyy-mm-dd hh24:mi'), 'A', 1, '01', 'Salerno', 'Viale antonio', '84131');
insert into biglietto values ('ticket012', 8, 'cart009', TO_DATE('2024-06-08 18:00', 'yyyy-mm-dd hh24:mi'), TO_DATE('2024-06-08 20:00', 'yyyy-mm-dd hh24:mi'), 'A', 2, '03', 'Bologna', 'Viale europa', '40127');
insert into biglietto values ('ticket013', 8, 'cart010', TO_DATE('2024-07-07 19:30', 'yyyy-mm-dd hh24:mi'), TO_DATE('2024-07-07 22:00', 'yyyy-mm-dd hh24:mi'), 'A', 2, '01', 'Salerno', 'Viale antonio', '84131');
insert into biglietto values ('ticket014', 8, 'cart011', TO_DATE('2022-09-04 19:30', 'yyyy-mm-dd hh24:mi'), TO_DATE('2022-09-04 21:30', 'yyyy-mm-dd hh24:mi'), 'A', 2, '01', 'Salerno', 'Viale antonio', '84131');
insert into biglietto values ('ticket015', 8, 'cart012', TO_DATE('2022-07-06 16:50', 'yyyy-mm-dd hh24:mi'), TO_DATE('2022-07-06 18:30', 'yyyy-mm-dd hh24:mi'), 'A', 3, '03', 'Bologna', 'Viale europa', '40127');
insert into biglietto values ('ticket016', 8, 'cart010', TO_DATE('2023-09-09 17:50', 'yyyy-mm-dd hh24:mi'), TO_DATE('2023-09-09 19:30', 'yyyy-mm-dd hh24:mi'), 'A', 1, '01', 'Milano', 'Via santa', '20121');
insert into biglietto values ('ticket017', 8, 'cart011', TO_DATE('2022-06-20 22:00', 'yyyy-mm-dd hh24:mi'), TO_DATE('2022-06-20 23:30', 'yyyy-mm-dd hh24:mi'), 'B', 2, '03', 'Marano di Napoli', 'Via XV Maggio', '80016');
insert into biglietto values ('ticket018', 8, 'cart011', TO_DATE('2022-09-04 19:30', 'yyyy-mm-dd hh24:mi'), TO_DATE('2022-09-04 21:30', 'yyyy-mm-dd hh24:mi'), 'A', 1, '01', 'Salerno', 'Viale antonio', '84131');
insert into biglietto values ('ticket019', 8, 'cart013', TO_DATE('2022-05-15 21:00', 'yyyy-mm-dd hh24:mi'), TO_DATE('2022-05-15 23:30', 'yyyy-mm-dd hh24:mi'), 'A', 3, '01', 'Roma', 'Piazza della repubblica', '00184');
insert into biglietto values ('ticket020', 8, 'cart013', TO_DATE('2022-10-07 18:30', 'yyyy-mm-dd hh24:mi'), TO_DATE('2022-10-07 20:30', 'yyyy-mm-dd hh24:mi'), 'A', 1,  '03', 'Bologna', 'Viale europa', '40127');
 
 
 
 
-- TEST INSERIMENTI PROCEDURA UPDATE_PAGAMENTO
insert into biglietto values ('ticket021', 8, 'cart010', TO_DATE('2019-08-01 20:00', 'yyyy-mm-dd hh24:mi'), TO_DATE('2019-08-01 22:30', 'yyyy-mm-dd hh24:mi'), 'B', 2, '01', 'Genova', 'Via magazzini', '16128');
insert into biglietto values ('ticket022', 8, 'cart010', TO_DATE('2019-08-01 20:00', 'yyyy-mm-dd hh24:mi'), TO_DATE('2019-08-01 22:30', 'yyyy-mm-dd hh24:mi'), 'A', 2, '01', 'Genova', 'Via magazzini', '16128');
insert into biglietto values ('ticket023', 10, 'cart001', TO_DATE('2023-05-29 20:00', 'yyyy-mm-dd hh24:mi'), TO_DATE('2023-05-29 21:30', 'yyyy-mm-dd hh24:mi'), 'B', 1, '01', 'Casoria', 'Via mediterraneo', '80026');
insert into biglietto values ('ticket024', 8, 'cart004',TO_DATE('2023-05-29 20:00', 'yyyy-mm-dd hh24:mi'), TO_DATE('2023-05-29 21:30', 'yyyy-mm-dd hh24:mi'), 'A', 1, '01', 'Casoria', 'Via mediterraneo', '80026');
insert into biglietto values ('ticket025', 8, 'cart005', TO_DATE('2024-07-07 19:30', 'yyyy-mm-dd hh24:mi'), TO_DATE('2024-07-07 22:00', 'yyyy-mm-dd hh24:mi'), 'B', 1, '01', 'Salerno', 'Viale antonio', '84131');
insert into biglietto values ('ticket026', 8, 'cart011',TO_DATE('2023-05-29 20:00', 'yyyy-mm-dd hh24:mi'), TO_DATE('2023-05-29 21:30', 'yyyy-mm-dd hh24:mi'), 'B', 3, '01', 'Casoria', 'Via mediterraneo', '80026');
insert into biglietto values ('ticket027', 8, 'cart012',TO_DATE('2022-10-07 18:30', 'yyyy-mm-dd hh24:mi'), TO_DATE('2022-10-07 20:30', 'yyyy-mm-dd hh24:mi'), 'B', 3, '03', 'Bologna', 'Viale europa', '40127');
 
 
-- TEST INSERIMENTI PROCEDURA UPDATE_PAGAMENTO
 
execute update_data_pagamento('cart001',TO_DATE('30/04/2022 16:31', 'dd/mm/yyyy hh24:mi'),TO_DATE('30/04/2022 16:31', 'dd/mm/yyyy hh24:mi'));
execute update_data_pagamento('cart002',TO_DATE('07/05/2022 18:20', 'dd/mm/yyyy hh24:mi'),TO_DATE('07/05/2022 18:20', 'dd/mm/yyyy hh24:mi'));
execute update_data_pagamento('cart004',TO_DATE('31/07/2019 18:01', 'dd/mm/yyyy hh24:mi'),TO_DATE('31/07/2019 18:01', 'dd/mm/yyyy hh24:mi'));
execute update_data_pagamento('cart005',TO_DATE('09/08/2021 18:01', 'dd/mm/yyyy hh24:mi'),TO_DATE('09/08/2021 18:01', 'dd/mm/yyyy hh24:mi'));
execute update_data_pagamento('cart006',TO_DATE('29/05/2023 18:01', 'dd/mm/yyyy hh24:mi'),TO_DATE('29/05/2023 18:01', 'dd/mm/yyyy hh24:mi'));
execute update_data_pagamento('cart008',TO_DATE('04/05/2023 18:01', 'dd/mm/yyyy hh24:mi'),TO_DATE('04/05/2023 18:01', 'dd/mm/yyyy hh24:mi'));
execute update_data_pagamento('cart009',TO_DATE('08/06/2024 16:01', 'dd/mm/yyyy hh24:mi'),TO_DATE('08/06/2024 16:01', 'dd/mm/yyyy hh24:mi'));
execute update_data_pagamento('cart010',TO_DATE('01/08/2019 16:01', 'dd/mm/yyyy hh24:mi'),TO_DATE('01/08/2019 16:01', 'dd/mm/yyyy hh24:mi'));
execute update_data_pagamento('cart011',TO_DATE('20/06/2022 16:35', 'dd/mm/yyyy hh24:mi'),TO_DATE('20/06/2022 16:35', 'dd/mm/yyyy hh24:mi'));
execute update_data_pagamento('cart012',TO_DATE('06/07/2022 16:31', 'dd/mm/yyyy hh24:mi'),TO_DATE('06/07/2022 16:31', 'dd/mm/yyyy hh24:mi'));
execute update_data_pagamento('cart013',TO_DATE('15/05/2022 17:11', 'dd/mm/yyyy hh24:mi'),TO_DATE('15/05/2022 17:11', 'dd/mm/yyyy hh24:mi'));


--Recensioni, con il voto da 1 a 10 ☹ (id_recensione, votoprotagonista, votoantagonista, vototrama, votocolonnasonora, votoscenografia, data_pubblicazione, codice_biglietto, codice_film)
insert into recensione values ('rec01', 6, 5, 9, 7, 10, TO_DATE('01/05/2022', 'dd/mm/yyyy'), 'ticket001', 'marvel001');
insert into recensione values ('rec02', 8, 8, 8, 8, 8, TO_DATE('07/07/2022', 'dd/mm/yyyy'), 'ticket015', 'marvel002');
insert into recensione values ('rec03', 10, 9, 8, 9, 8, TO_DATE('02/05/2023', 'dd/mm/yyyy'), 'ticket018', 'para002');
insert into recensione values ('rec04', 6, 3, 4, 6, 5, TO_DATE('10/09/2023', 'dd/mm/yyyy'), 'ticket016', 'warner001');
insert into recensione values ('rec05', 3, 4, 4, 3, 2, TO_DATE('02/08/2019', 'dd/mm/yyyy'), 'ticket005', 'disney001');
insert into recensione values ('rec06', 9, 10, 10, 8, 7, TO_DATE('16/05/2022', 'dd/mm/yyyy'), 'ticket019', 'warner002');
insert into recensione values ('rec08', 8, 7, 10, 9, 9, TO_DATE('05/05/2023', 'dd/mm/yyyy'), 'ticket011', 'lucasf001');
insert into recensione values ('rec09', 6, 6, 6, 6, 6, TO_DATE('30/05/2023', 'dd/mm/yyyy'), 'ticket008', 'sonya001');
insert into recensione values ('rec10', 7, 6, 4, 5, 5, TO_DATE('21/06/2022', 'dd/mm/yyyy'), 'ticket017', 'pixar001');
insert into recensione values ('rec11', 10, 7, 8, 6, 8, TO_DATE('08/07/2024', 'dd/mm/yyyy'), 'ticket013', 'para001');
insert into recensione values ('rec12', 8, 7, 7, 7, 9, TO_DATE('05/09/2022', 'dd/mm/yyyy'), 'ticket014', 'para002');
insert into recensione values ('rec13', 8, 7, 9, 8, 10, TO_DATE('08/06/2022', 'dd/mm/yyyy'), 'ticket002', 'marvel001');
insert into recensione values ('rec14', 10, 8, 10, 7, 8, TO_DATE('09/06/2024', 'dd/mm/yyyy'), 'ticket012', 'lucasf002');
insert into recensione values ('rec15', 8, 7, 6, 6, 7, TO_DATE('08/10/2022', 'dd/mm/yyyy'), 'ticket020', 'dream001');

 
--Professionisti (codice_professionista, nome, data_di_nascita)
insert into professionista values ('prf01', 'Benedict Cumberbatch', TO_DATE('19/07/1976', 'dd/mm/yyyy'));
insert into professionista values ('prf02', 'Sam Raimi', TO_DATE('19/07/1976', 'dd/mm/yyyy'));
insert into professionista values ('prf03', 'Elizabeth Olsen', TO_DATE('16/02/1989', 'dd/mm/yyyy'));
insert into professionista values ('prf04', 'Chris Hemsworth', TO_DATE('11/08/1983', 'dd/mm/yyyy'));
insert into professionista values ('prf05', 'Taika Waititi', TO_DATE('16/08/1975', 'dd/mm/yyyy'));
insert into professionista values ('prf06', 'Natalie Portman', TO_DATE('09/06/1981', 'dd/mm/yyyy'));
insert into professionista values ('prf07', 'Christian Bale', TO_DATE('30/01/1974', 'dd/mm/yyyy'));
insert into professionista values ('prf08', 'Vin Diesel', TO_DATE('18/07/1967', 'dd/mm/yyyy'));
insert into professionista values ('prf09', 'Harrison Ford', TO_DATE('13/07/1942', 'dd/mm/yyyy'));
insert into professionista values ('prf10', 'Mikey Madinson', TO_DATE('25/07/1999', 'dd/mm/yyyy'));
insert into professionista values ('prf11', 'Neve Campbell', TO_DATE('03/10/1973', 'dd/mm/yyyy'));
insert into professionista values ('prf12', 'Jack Quaid', TO_DATE('24/04/1992', 'dd/mm/yyyy'));
insert into professionista values ('prf13', 'Madds Mikkelsen', TO_DATE('22/11/1965', 'dd/mm/yyyy'));
insert into professionista values ('prf14', 'Ezra Miller', TO_DATE('30/09/1992', 'dd/mm/yyyy'));
insert into professionista values ('prf15', 'Mark Strong', TO_DATE('05/08/1963', 'dd/mm/yyyy'));
insert into professionista values ('prf16', 'Xochitl Gomez', TO_DATE('29/04/2006', 'dd/mm/yyyy'));
insert into professionista values ('prf17', 'Peyton Reed', TO_DATE('03/07/1964', 'dd/mm/yyyy'));
insert into professionista values ('prf18', 'James Gunn', TO_DATE('05/08/1966', 'dd/mm/yyyy'));
insert into professionista values ('prf19', 'Jon Favreau', TO_DATE('19/10/1966', 'dd/mm/yyyy'));
insert into professionista values ('prf20', 'David Yates', TO_DATE('20/08/1973', 'dd/mm/yyyy'));
insert into professionista values ('prf21', 'Justin Lin', TO_DATE('11/10/1971', 'dd/mm/yyyy'));
insert into professionista values ('prf22', 'Kemp Powers', TO_DATE('20/08/1979', 'dd/mm/yyyy'));
insert into professionista values ('prf23', 'Matthew Vaughn', TO_DATE('20/08/1973', 'dd/mm/yyyy'));
insert into professionista values ('prf24', 'Angus MacLane', TO_DATE('29/10/1975', 'dd/mm/yyyy'));
insert into professionista values ('prf25', 'James Mangold', TO_DATE('16/12/1963', 'dd/mm/yyyy'));
insert into professionista values ('prf26', 'Jim Carrey', TO_DATE('17/01/1962', 'dd/mm/yyyy'));
insert into professionista values ('prf27', 'Matt Bettinelli', TO_DATE('20/08/1973', 'dd/mm/yyyy'));
insert into professionista values ('prf28', 'Antonio Banderas', TO_DATE('20/08/1973', 'dd/mm/yyyy'));
insert into professionista values ('prf29', 'Chris Miller', TO_DATE('20/08/1977', 'dd/mm/yyyy'));
 
 
 
--Chi recita chi? (codice_film, codice_professionista, nome_ruolo)
insert into recitato_da values ('marvel001', 'prf01', 'Dottor Strange');
insert into recitato_da values ('marvel001', 'prf03', 'Wanda Maximoff');
insert into recitato_da values ('marvel002', 'prf04', 'Thor');
insert into recitato_da values ('marvel002', 'prf06', 'Mighty Thor');
insert into recitato_da values ('marvel002', 'prf07', 'Gorr Il Macellatore di Dei');
insert into recitato_da values ('marvel002', 'prf05', 'Korg');
insert into recitato_da values ('uni001', 'prf08', 'Toretto');
insert into recitato_da values ('lucasf001', 'prf09', 'Indiana Jones');
insert into recitato_da values ('para002', 'prf10', 'Amber Freeman');
insert into recitato_da values ('para002', 'prf11', 'Sidney Prescott');
insert into recitato_da values ('para002', 'prf12', 'Richie');
insert into recitato_da values ('warner002', 'prf13', 'Grindelwald');
insert into recitato_da values ('warner001', 'prf14', 'Flash');
insert into recitato_da values ('warner001', 'prf15', 'Merlino');
insert into recitato_da values ('marvel001', 'prf16', 'America Chavez');
 
 
 
--Chi dirige chi? (codice_film, codice_professionista)
insert into diretto_da values ('marvel001', 'prf02');
insert into diretto_da values ('marvel002', 'prf05');
insert into diretto_da values ('marvel003', 'prf17');
insert into diretto_da values ('marvel004', 'prf18');
insert into diretto_da values ('disney001', 'prf19');
insert into diretto_da values ('warner002', 'prf20');
insert into diretto_da values ('uni001', 'prf21');
insert into diretto_da values ('sonya001', 'prf22');
insert into diretto_da values ('20th001', 'prf23');
insert into diretto_da values ('lucasf001', 'prf24');
insert into diretto_da values ('pixar001', 'prf25');
insert into diretto_da values ('para001', 'prf26');
insert into diretto_da values ('para002', 'prf27');
insert into diretto_da values ('lucasf002', 'prf28');
insert into diretto_da values ('dream001', 'prf29');